-- MySQL dump 10.13  Distrib 8.0.20, for Win64 (x86_64)
--
-- Host: 127.0.0.1    Database: repair_shop
-- ------------------------------------------------------
-- Server version	8.0.20

/*!40101 SET @OLD_CHARACTER_SET_CLIENT=@@CHARACTER_SET_CLIENT */;
/*!40101 SET @OLD_CHARACTER_SET_RESULTS=@@CHARACTER_SET_RESULTS */;
/*!40101 SET @OLD_COLLATION_CONNECTION=@@COLLATION_CONNECTION */;
/*!50503 SET NAMES utf8 */;
/*!40103 SET @OLD_TIME_ZONE=@@TIME_ZONE */;
/*!40103 SET TIME_ZONE='+00:00' */;
/*!40014 SET @OLD_UNIQUE_CHECKS=@@UNIQUE_CHECKS, UNIQUE_CHECKS=0 */;
/*!40014 SET @OLD_FOREIGN_KEY_CHECKS=@@FOREIGN_KEY_CHECKS, FOREIGN_KEY_CHECKS=0 */;
/*!40101 SET @OLD_SQL_MODE=@@SQL_MODE, SQL_MODE='NO_AUTO_VALUE_ON_ZERO' */;
/*!40111 SET @OLD_SQL_NOTES=@@SQL_NOTES, SQL_NOTES=0 */;

--
-- Table structure for table `tbl_customers`
--

DROP TABLE IF EXISTS `tbl_customers`;
/*!40101 SET @saved_cs_client     = @@character_set_client */;
/*!50503 SET character_set_client = utf8mb4 */;
CREATE TABLE `tbl_customers` (
  `id` int NOT NULL AUTO_INCREMENT,
  `code` varchar(50) CHARACTER SET utf8mb4 COLLATE utf8mb4_bin DEFAULT NULL,
  `name` varchar(50) CHARACTER SET utf8mb4 COLLATE utf8mb4_bin DEFAULT NULL,
  `phone` varchar(15) CHARACTER SET utf8mb4 COLLATE utf8mb4_bin DEFAULT NULL,
  `created_by` int DEFAULT NULL,
  `updated_by` int DEFAULT NULL,
  `created_at` bigint DEFAULT NULL,
  `updated_at` bigint DEFAULT NULL,
  `deleted_at` bigint DEFAULT NULL,
  `deleted_by` int DEFAULT NULL,
  PRIMARY KEY (`id`)
) ENGINE=InnoDB AUTO_INCREMENT=35 DEFAULT CHARSET=utf8mb4 COLLATE=utf8mb4_bin;
/*!40101 SET character_set_client = @saved_cs_client */;

--
-- Dumping data for table `tbl_customers`
--

LOCK TABLES `tbl_customers` WRITE;
/*!40000 ALTER TABLE `tbl_customers` DISABLE KEYS */;
INSERT INTO `tbl_customers` VALUES (1,'KH00001','Hoàng','0921786371',NULL,NULL,1631114912926,NULL,NULL,NULL),(2,'KH00002','Hoàng','0982763938',NULL,NULL,1631114912926,1632888614022,NULL,NULL),(3,'KH00003','Long','0863716391',NULL,NULL,1631114912926,NULL,NULL,NULL),(4,'KH00004','Toàn','0863714567',NULL,NULL,1631114912926,NULL,NULL,NULL),(5,'KH00005','Tuấn','0974626743',NULL,NULL,1631114912926,NULL,NULL,NULL),(6,'KH00006','Kiên','0937361234',NULL,NULL,1631114912926,NULL,NULL,NULL),(7,'KH00007','Khánh','0937323211',NULL,NULL,1631114912926,NULL,NULL,NULL),(8,'KH00008','Nam','0937323232',NULL,NULL,1631114912926,NULL,NULL,NULL),(9,'KH00009','Định','0937399999',NULL,NULL,1631114912926,NULL,NULL,NULL),(10,'KH00010','Chính','0912732311',NULL,NULL,1631114912926,NULL,NULL,NULL),(11,'KH00011','Thủy','0923712231',NULL,NULL,1631811695885,NULL,NULL,NULL),(12,'KH00013','Tâm','0972612512',NULL,NULL,1631114912926,NULL,NULL,NULL),(15,'KH00014','Tuấn','0917264527',NULL,NULL,1632935514393,NULL,NULL,NULL),(16,'KH00015','Đạo','0927648917',NULL,NULL,1632936569021,NULL,NULL,NULL),(17,'KH00016','Thành','0972638176',NULL,NULL,1632936648154,NULL,NULL,NULL),(18,'KH00017','Lâm','0976281275',NULL,NULL,1632936872665,NULL,NULL,NULL),(19,'KH00018','Tài','0873645817',NULL,NULL,1632936962625,NULL,NULL,NULL),(29,'KH00019','Dương','0917264817',NULL,NULL,1632972208450,NULL,NULL,NULL),(31,'KH00020','Đạt','0827616518',NULL,NULL,1632972416797,NULL,NULL,NULL),(32,'KH88072','Linh','0821237649',NULL,NULL,1633175221217,NULL,NULL,NULL),(33,'KH49302','Bình','0821376518',NULL,NULL,1633176074016,NULL,NULL,NULL),(34,'HD31436','Khánh','0981652736',NULL,NULL,1633254290210,NULL,NULL,NULL);
/*!40000 ALTER TABLE `tbl_customers` ENABLE KEYS */;
UNLOCK TABLES;

--
-- Table structure for table `tbl_invoices`
--

DROP TABLE IF EXISTS `tbl_invoices`;
/*!40101 SET @saved_cs_client     = @@character_set_client */;
/*!50503 SET character_set_client = utf8mb4 */;
CREATE TABLE `tbl_invoices` (
  `id` int NOT NULL AUTO_INCREMENT,
  `code` varchar(50) CHARACTER SET utf8mb4 COLLATE utf8mb4_bin DEFAULT NULL,
  `vehicle_customer_id` int DEFAULT NULL,
  `fixer_id` int DEFAULT NULL,
  `pay_method` int DEFAULT NULL,
  `deleted_by` int DEFAULT NULL,
  `total` decimal(13,2) DEFAULT NULL,
  `created_by` int DEFAULT NULL,
  `created_at` bigint DEFAULT NULL,
  `updated_by` int DEFAULT NULL,
  `updated_at` bigint DEFAULT NULL,
  `status` int DEFAULT NULL,
  `deleted_at` bigint DEFAULT NULL,
  `note` varchar(500) CHARACTER SET utf8mb4 COLLATE utf8mb4_bin DEFAULT NULL,
  PRIMARY KEY (`id`)
) ENGINE=InnoDB AUTO_INCREMENT=38 DEFAULT CHARSET=utf8mb4 COLLATE=utf8mb4_bin;
/*!40101 SET character_set_client = @saved_cs_client */;

--
-- Dumping data for table `tbl_invoices`
--

LOCK TABLES `tbl_invoices` WRITE;
/*!40000 ALTER TABLE `tbl_invoices` DISABLE KEYS */;
INSERT INTO `tbl_invoices` VALUES (1,'HD00001',1,5,1,NULL,410000.00,NULL,1631114912926,NULL,1632889707229,4,NULL,'Thanh toán hóa đơn'),(2,'HD00002',2,5,1,NULL,240000.00,NULL,1631114912926,NULL,1633059043883,4,NULL,'Thanh toán hóa đơn bằng tiền mặt'),(3,'HD00003',4,9,1,NULL,70000.00,NULL,1631114912926,NULL,1633059046199,5,NULL,'Thanh toán hóa đơn'),(4,'HD00004',11,7,1,NULL,90000.00,NULL,1631114912926,NULL,1633096632145,4,NULL,'Thanh toán hóa đơn'),(5,'HD00005',10,6,1,NULL,400000.00,NULL,1631114912926,NULL,1632130503318,3,NULL,'Thanh toán hóa đơn'),(6,'HD00006',2,7,1,NULL,170000.00,NULL,1631114912926,NULL,1633074345788,5,NULL,'Thanh toán hóa đơn'),(7,'HD00007',3,8,1,NULL,600000.00,NULL,1631114912926,NULL,1632847704117,5,NULL,'Thanh toán hóa đơn'),(8,'HD00008',5,9,1,NULL,260000.00,NULL,1631114912926,NULL,1633062155344,4,NULL,'Thanh toán hóa đơn'),(9,'HD00009',6,10,1,NULL,70000.00,NULL,1631114912926,NULL,1633062126140,5,NULL,'Thanh toán hóa đơn'),(10,'HD00010',7,7,1,NULL,650000.00,NULL,1631114912926,NULL,1632847709219,4,NULL,'Thanh toán hóa đơn'),(11,'HD00011',8,6,1,NULL,150000.00,NULL,1631114912926,NULL,1633059048983,5,NULL,'Thanh toán hóa đơn'),(12,'HD00012',9,12,1,NULL,0.00,NULL,1631114912926,NULL,1633074456430,4,NULL,'Thanh toán hóa đơn'),(13,'HD00013',3,11,1,NULL,0.00,NULL,1631114912926,NULL,1633073795048,4,NULL,'Thanh toán hóa đơn'),(14,'HD00014',4,6,1,NULL,310000.00,NULL,1631808767635,NULL,1632845595233,2,NULL,'Thanh toán hóa đơn'),(15,'HD00015',7,8,1,NULL,290000.00,NULL,1631809292934,NULL,1633097087060,5,NULL,'Thanh toán hóa đơn'),(16,'HD00016',5,13,1,NULL,100000.00,NULL,1631809427194,NULL,1631863358229,2,NULL,'Thanh toán hóa đơn'),(17,'HD00017',6,14,1,NULL,150000.00,NULL,1631809779247,NULL,1632975580173,3,NULL,'Thanh toán hóa đơn'),(18,'HD00018',3,10,0,NULL,50000.00,NULL,1632709933755,NULL,1632846909927,3,NULL,''),(19,'HD00019',7,13,0,NULL,220000.00,NULL,1632710041913,NULL,NULL,3,NULL,''),(20,'HD00020',2,18,0,NULL,120000.00,NULL,1632842320856,NULL,NULL,2,NULL,''),(21,'HD00021',7,14,0,NULL,270000.00,NULL,1632842347073,NULL,1633073204206,2,NULL,''),(22,'HD00022',5,22,0,NULL,150000.00,NULL,1632842362086,NULL,1633086438879,7,NULL,''),(23,'HD00023',1,8,0,NULL,70000.00,NULL,1632973164243,NULL,1633086198685,5,NULL,''),(24,'HD00024',18,10,0,NULL,220000.00,NULL,1633019080064,NULL,NULL,2,NULL,''),(25,'HD00025',16,11,0,NULL,60000.00,NULL,1633019167440,NULL,NULL,2,NULL,''),(26,'HD48092',2,12,0,NULL,250000.00,NULL,1633019216288,NULL,NULL,2,NULL,''),(27,'HD41611',2,5,0,NULL,520000.00,NULL,1633019818444,NULL,NULL,2,NULL,''),(28,'HD42055',15,21,0,NULL,90000.00,NULL,1633019884306,NULL,1633086329543,5,NULL,''),(29,'HD48756',2,11,0,NULL,120000.00,NULL,1633097630554,NULL,1633098535027,5,NULL,'Hóa đơn mới'),(36,'HD31976',1,NULL,0,NULL,200000.00,NULL,1633252625678,NULL,NULL,4,NULL,NULL),(37,'HD38666',22,NULL,0,NULL,600000.00,NULL,1633254324254,NULL,1633277100476,5,NULL,'Phiếu Mua phụ kiện');
/*!40000 ALTER TABLE `tbl_invoices` ENABLE KEYS */;
UNLOCK TABLES;

--
-- Table structure for table `tbl_material_order`
--

DROP TABLE IF EXISTS `tbl_material_order`;
/*!40101 SET @saved_cs_client     = @@character_set_client */;
/*!50503 SET character_set_client = utf8mb4 */;
CREATE TABLE `tbl_material_order` (
  `id` int NOT NULL AUTO_INCREMENT,
  `code` varchar(50) CHARACTER SET utf8mb4 COLLATE utf8mb4_bin DEFAULT NULL,
  `invoice_id` int DEFAULT NULL,
  `material_id` int DEFAULT NULL,
  `quantity` int DEFAULT NULL,
  `created_by` int DEFAULT NULL,
  `created_at` bigint DEFAULT NULL,
  `updated_by` int DEFAULT NULL,
  `updated_at` bigint DEFAULT NULL,
  `deleted_at` bigint DEFAULT NULL,
  `deleted_by` int DEFAULT NULL,
  `status` int DEFAULT NULL,
  PRIMARY KEY (`id`),
  KEY `fk2_invoice_id_idx` (`invoice_id`),
  CONSTRAINT `fk2_invoice_id` FOREIGN KEY (`invoice_id`) REFERENCES `tbl_invoices` (`id`) ON DELETE CASCADE ON UPDATE CASCADE
) ENGINE=InnoDB AUTO_INCREMENT=62 DEFAULT CHARSET=utf8mb4 COLLATE=utf8mb4_bin;
/*!40101 SET character_set_client = @saved_cs_client */;

--
-- Dumping data for table `tbl_material_order`
--

LOCK TABLES `tbl_material_order` WRITE;
/*!40000 ALTER TABLE `tbl_material_order` DISABLE KEYS */;
INSERT INTO `tbl_material_order` VALUES (1,'MTO00001',14,1,1,NULL,1631808767635,NULL,NULL,NULL,NULL,1),(2,'MTO00002',14,2,1,NULL,1631808767635,NULL,NULL,NULL,NULL,1),(3,'MTO00003',15,1,1,NULL,1631809292936,NULL,NULL,NULL,NULL,1),(4,'MTO00004',16,4,1,NULL,1631809427196,NULL,1631863358253,NULL,NULL,1),(5,'MTO00005',16,5,1,NULL,1631809427196,NULL,1631863358277,NULL,NULL,1),(6,'MTO00006',17,6,1,NULL,1631809779247,NULL,1631864712330,NULL,NULL,1),(7,'MTO00007',17,7,1,NULL,1631809779247,NULL,1631864712348,NULL,NULL,1),(8,'MTO00008',1,8,1,NULL,1631866579915,NULL,NULL,NULL,NULL,1),(9,'MTO00009',2,9,2,NULL,1631867836760,NULL,NULL,NULL,NULL,1),(19,'MTO00010',3,2,1,NULL,1632129954671,NULL,NULL,NULL,NULL,1),(20,'MTO00011',3,4,1,NULL,1632129954724,NULL,NULL,NULL,NULL,1),(21,'MTO00012',5,1,1,NULL,1632130503320,NULL,NULL,NULL,NULL,1),(29,'MTO00013',18,3,1,NULL,1632709933755,NULL,NULL,NULL,NULL,1),(30,'MTO00014',19,2,1,NULL,1632710041944,NULL,NULL,NULL,NULL,1),(31,'MTO00015',20,2,1,NULL,1632842320933,NULL,NULL,NULL,NULL,1),(32,'MTO00016',20,15,1,NULL,1632842320939,NULL,NULL,NULL,NULL,1),(33,'MTO00017',20,4,1,NULL,1632842320949,NULL,NULL,NULL,NULL,1),(34,'MTO00018',21,3,1,NULL,1632842347077,NULL,NULL,NULL,NULL,1),(35,'MTO00019',22,3,1,NULL,1632842362089,NULL,NULL,NULL,NULL,1),(36,'MTO00020',4,3,1,NULL,1632842656067,NULL,NULL,NULL,NULL,1),(37,'MTO00021',4,5,1,NULL,1632842656081,NULL,NULL,NULL,NULL,1),(40,'MTO00022',4,2,1,NULL,1632889637909,NULL,NULL,NULL,NULL,1),(41,'MTO00023',23,2,1,NULL,1632973164264,NULL,NULL,NULL,NULL,1),(42,'MTO00024',24,2,1,NULL,1633019080093,NULL,NULL,NULL,NULL,1),(43,'MTO00025',24,1,10,NULL,1633019080100,NULL,NULL,NULL,NULL,1),(44,'MTO00026',25,2,1,NULL,1633019167461,NULL,NULL,NULL,NULL,1),(45,'MTO00027',25,5,2,NULL,1633019167468,NULL,NULL,NULL,NULL,1),(46,'MTO00028',26,2,10,NULL,1633019216315,NULL,NULL,NULL,NULL,1),(47,'MTO00029',26,4,1,NULL,1633019216323,NULL,NULL,NULL,NULL,1),(48,'MTO00030',27,2,1,NULL,1633019818472,NULL,NULL,NULL,NULL,1),(49,'MTO00031',27,3,10,NULL,1633019818479,NULL,NULL,NULL,NULL,1),(50,'MTO00032',28,2,1,NULL,1633019884325,NULL,NULL,NULL,NULL,1),(51,'MTO00033',28,3,1,NULL,1633019884330,NULL,NULL,NULL,NULL,1),(52,'MTO00034',6,2,1,NULL,1633058722233,NULL,NULL,NULL,NULL,1),(53,'MTO00035',6,4,1,NULL,1633058722245,NULL,NULL,NULL,NULL,1),(54,'MTO00036',8,1,1,NULL,1633059003634,NULL,NULL,NULL,NULL,1),(55,'MTO00037',22,15,1,NULL,1633086446693,NULL,NULL,NULL,NULL,2),(56,'MTO00038',29,7,1,NULL,1633097630586,NULL,NULL,NULL,NULL,1),(57,'MTO00039',29,9,1,NULL,1633097630602,NULL,NULL,NULL,NULL,1),(58,'MTO00040',29,14,1,NULL,1633097651981,NULL,NULL,NULL,NULL,1),(59,'MTO19486',36,2,10,NULL,1633252625730,NULL,NULL,NULL,NULL,1),(60,'MTO37790',37,3,10,NULL,1633254324259,NULL,NULL,NULL,NULL,1),(61,'MTO62183',37,4,2,NULL,1633254324262,NULL,NULL,NULL,NULL,1);
/*!40000 ALTER TABLE `tbl_material_order` ENABLE KEYS */;
UNLOCK TABLES;

--
-- Table structure for table `tbl_materials`
--

DROP TABLE IF EXISTS `tbl_materials`;
/*!40101 SET @saved_cs_client     = @@character_set_client */;
/*!50503 SET character_set_client = utf8mb4 */;
CREATE TABLE `tbl_materials` (
  `id` int NOT NULL AUTO_INCREMENT,
  `code` varchar(50) CHARACTER SET utf8mb4 COLLATE utf8mb4_bin DEFAULT NULL,
  `name` varchar(50) CHARACTER SET utf8mb4 COLLATE utf8mb4_bin DEFAULT NULL,
  `image` varchar(100) CHARACTER SET utf8mb4 COLLATE utf8mb4_bin DEFAULT NULL,
  `description` varchar(200) CHARACTER SET utf8mb4 COLLATE utf8mb4_bin DEFAULT NULL,
  `quantity` int DEFAULT NULL,
  `supplier` varchar(50) CHARACTER SET utf8mb4 COLLATE utf8mb4_bin DEFAULT NULL,
  `output_price` decimal(13,2) DEFAULT NULL,
  `input_price` decimal(13,2) DEFAULT NULL,
  `created_by` int DEFAULT NULL,
  `created_at` bigint DEFAULT NULL,
  `updated_by` int DEFAULT NULL,
  `updated_at` bigint DEFAULT NULL,
  `status` int DEFAULT NULL,
  `deleted_at` bigint DEFAULT NULL,
  `deleted_by` int DEFAULT NULL,
  PRIMARY KEY (`id`)
) ENGINE=InnoDB AUTO_INCREMENT=22 DEFAULT CHARSET=utf8mb4 COLLATE=utf8mb4_bin;
/*!40101 SET character_set_client = @saved_cs_client */;

--
-- Dumping data for table `tbl_materials`
--

LOCK TABLES `tbl_materials` WRITE;
/*!40000 ALTER TABLE `tbl_materials` DISABLE KEYS */;
INSERT INTO `tbl_materials` VALUES (1,'MT00001','Yếm Dreams','/computer/dreams/materials','Yếm cho xe Honda Dreams',285,'Honda',200000.00,300000.00,NULL,NULL,NULL,NULL,1,NULL,NULL),(2,'MT00002','Gương Dreams','/computer/dreams/materials','Gương cho xe Honda Dreams',14,'Honda',20000.00,50000.00,NULL,NULL,NULL,NULL,1,NULL,NULL),(3,'MT00003','Yên xe Dreams','/computer/dreams/materials','Yên cho xe Dreams',19,'Honda',50000.00,100000.00,NULL,NULL,NULL,NULL,1,NULL,NULL),(4,'MT00004','Giảm Sóc xe Dreams','/computer/dreams/materials','Giảm sóc cho xe Dreams',292,'Honda',50000.00,100000.00,NULL,NULL,NULL,NULL,1,NULL,NULL),(5,'MT00005','Đèn xi nhan Dreams','/computer/dreams/materials','Đèn xi nhan xe Dreams',92,'Honda',20000.00,50000.00,NULL,NULL,NULL,NULL,1,NULL,NULL),(6,'MT00006','Đèn phanh xe Dreams','/computer/dreams/materials','Đèn phan cho xe dreams',46,'Honda',20000.00,50000.00,NULL,NULL,NULL,NULL,1,NULL,NULL),(7,'MT00007','Đèn pha xe Dreams','/computer/dreams/materials','Đèn pha xe Dreams',24,'Honda',20000.00,50000.00,NULL,NULL,NULL,NULL,1,NULL,NULL),(8,'MT00008','Hộp số xe Honda','/computer/honda','Hộp số xe honda',28,'Honda',100000.00,200000.00,NULL,NULL,NULL,NULL,1,NULL,NULL),(9,'MT00009','Chân phanh xe Honda số','/computer/honda','Chân phanh cho xe Honda số ',4,'Honda',50000.00,100000.00,NULL,NULL,NULL,NULL,1,NULL,NULL),(10,'MT00010','Bô 2543 ','/computer/honda','Bô cho xe số sàn',50,'Honda',100000.00,200000.00,NULL,NULL,NULL,NULL,1,NULL,NULL),(11,'MT00011','Giỏ xe Honda Dreams','/computer/dreams/materials','Giỏ cho xe Honda Dreams',3,'Honda',20000.00,50000.00,NULL,NULL,NULL,NULL,1,NULL,NULL),(12,'MT00012','Giỏ cho xe Wave','/computer/wave/materials','Giỏ cho xe Honda Wave',30,'Honda',20000.00,50000.00,NULL,NULL,NULL,NULL,1,NULL,NULL),(13,'MT00013','Chân Chống Honda','/computer/honda','Chân chống cho xe Honda',70,'Honda',20000.00,40000.00,NULL,NULL,NULL,NULL,1,NULL,NULL),(14,'MT00014','Xăm xe','/computer/honda','Xăm xe Số Honda',99,'Honda',50000.00,100000.00,NULL,NULL,NULL,NULL,1,NULL,NULL),(15,'MT00015','Lốp xe Honda','/computer/honda','Lốp xe Honda cho xe số',48,'Honda',50000.00,100000.00,NULL,NULL,NULL,NULL,1,NULL,NULL),(16,'MT00016','Đèn xe máy',NULL,'Đèn xe máy honda',0,NULL,NULL,100000.00,NULL,1632539952862,NULL,NULL,1,NULL,NULL),(17,'MT00017','Bugi xe máy',NULL,'Bugi xe máy yamaha',0,NULL,200000.00,100000.00,NULL,1632540215075,NULL,NULL,1,NULL,NULL),(21,'MT00018','Tay nắm xe máy',NULL,'Tay nắm xe máy bmw',0,NULL,90000.00,80000.00,NULL,1632540553963,NULL,NULL,1,NULL,NULL);
/*!40000 ALTER TABLE `tbl_materials` ENABLE KEYS */;
UNLOCK TABLES;

--
-- Table structure for table `tbl_receipt_material`
--

DROP TABLE IF EXISTS `tbl_receipt_material`;
/*!40101 SET @saved_cs_client     = @@character_set_client */;
/*!50503 SET character_set_client = utf8mb4 */;
CREATE TABLE `tbl_receipt_material` (
  `id` int NOT NULL AUTO_INCREMENT,
  `code` varchar(45) CHARACTER SET utf8mb4 COLLATE utf8mb4_bin DEFAULT NULL,
  `receipt_id` int DEFAULT NULL,
  `material_id` int DEFAULT NULL,
  `quantity` int DEFAULT NULL,
  `created_by` int DEFAULT NULL,
  `created_at` bigint DEFAULT NULL,
  `updated_by` int DEFAULT NULL,
  `updated_at` bigint DEFAULT NULL,
  `deleted_at` bigint DEFAULT NULL,
  `deleted_by` int DEFAULT NULL,
  PRIMARY KEY (`id`),
  KEY `fk_receipt_id_idx` (`receipt_id`),
  CONSTRAINT `fk_receipt_id` FOREIGN KEY (`receipt_id`) REFERENCES `tbl_receipts` (`id`) ON DELETE CASCADE ON UPDATE CASCADE
) ENGINE=InnoDB AUTO_INCREMENT=6 DEFAULT CHARSET=utf8mb4 COLLATE=utf8mb4_bin;
/*!40101 SET character_set_client = @saved_cs_client */;

--
-- Dumping data for table `tbl_receipt_material`
--

LOCK TABLES `tbl_receipt_material` WRITE;
/*!40000 ALTER TABLE `tbl_receipt_material` DISABLE KEYS */;
INSERT INTO `tbl_receipt_material` VALUES (1,'RCM00001',1,1,100,NULL,1632543797813,NULL,NULL,NULL,NULL),(2,'RCM00002',1,4,100,NULL,1632543797829,NULL,NULL,NULL,NULL),(3,'RCM00003',2,1,100,NULL,1632544534323,NULL,NULL,NULL,NULL),(4,'RCM00004',3,13,40,NULL,1632881278811,NULL,NULL,NULL,NULL),(5,'RCM00005',3,12,30,NULL,1632881278822,NULL,NULL,NULL,NULL);
/*!40000 ALTER TABLE `tbl_receipt_material` ENABLE KEYS */;
UNLOCK TABLES;

--
-- Table structure for table `tbl_receipts`
--

DROP TABLE IF EXISTS `tbl_receipts`;
/*!40101 SET @saved_cs_client     = @@character_set_client */;
/*!50503 SET character_set_client = utf8mb4 */;
CREATE TABLE `tbl_receipts` (
  `id` int NOT NULL AUTO_INCREMENT,
  `code` varchar(50) CHARACTER SET utf8mb4 COLLATE utf8mb4_bin DEFAULT NULL,
  `created_by` int DEFAULT NULL,
  `created_at` bigint DEFAULT NULL,
  `updated_by` int DEFAULT NULL,
  `updated_at` bigint DEFAULT NULL,
  `deleted_at` bigint DEFAULT NULL,
  `deleted_by` int DEFAULT NULL,
  `status` int DEFAULT NULL,
  `note` varchar(500) CHARACTER SET utf8mb4 COLLATE utf8mb4_bin DEFAULT NULL,
  PRIMARY KEY (`id`)
) ENGINE=InnoDB AUTO_INCREMENT=4 DEFAULT CHARSET=utf8mb4 COLLATE=utf8mb4_bin COMMENT='Bảng phiếu nhập kho';
/*!40101 SET character_set_client = @saved_cs_client */;

--
-- Dumping data for table `tbl_receipts`
--

LOCK TABLES `tbl_receipts` WRITE;
/*!40000 ALTER TABLE `tbl_receipts` DISABLE KEYS */;
INSERT INTO `tbl_receipts` VALUES (1,'RC00001',NULL,1632543797812,NULL,NULL,NULL,NULL,1,NULL),(2,'RC00002',NULL,1632544534323,NULL,NULL,NULL,NULL,1,NULL),(3,'RC00003',NULL,1632881278811,NULL,NULL,NULL,NULL,1,'');
/*!40000 ALTER TABLE `tbl_receipts` ENABLE KEYS */;
UNLOCK TABLES;

--
-- Table structure for table `tbl_roles`
--

DROP TABLE IF EXISTS `tbl_roles`;
/*!40101 SET @saved_cs_client     = @@character_set_client */;
/*!50503 SET character_set_client = utf8mb4 */;
CREATE TABLE `tbl_roles` (
  `id` int NOT NULL AUTO_INCREMENT,
  `code` varchar(50) CHARACTER SET utf8mb4 COLLATE utf8mb4_bin DEFAULT NULL,
  `name` varchar(50) CHARACTER SET utf8mb4 COLLATE utf8mb4_bin DEFAULT NULL,
  `description` varchar(200) CHARACTER SET utf8mb4 COLLATE utf8mb4_bin DEFAULT NULL,
  `created_by` int DEFAULT NULL,
  `created_at` bigint DEFAULT NULL,
  `updated_by` int DEFAULT NULL,
  `updated_at` bigint DEFAULT NULL,
  `status` int DEFAULT NULL,
  `deleted_at` bigint DEFAULT NULL,
  `deleted_by` int DEFAULT NULL,
  PRIMARY KEY (`id`)
) ENGINE=InnoDB AUTO_INCREMENT=15 DEFAULT CHARSET=utf8mb4 COLLATE=utf8mb4_bin;
/*!40101 SET character_set_client = @saved_cs_client */;

--
-- Dumping data for table `tbl_roles`
--

LOCK TABLES `tbl_roles` WRITE;
/*!40000 ALTER TABLE `tbl_roles` DISABLE KEYS */;
INSERT INTO `tbl_roles` VALUES (1,'RL00001','ROLE_ADMIN','Quản trị viên',4,1630766754751,NULL,NULL,1,NULL,NULL),(2,'RL00002','ROLE_COORDINATOR','Nhân viên điều phối',4,1630766754751,NULL,1632677321053,1,NULL,NULL),(3,'RL00003','ROLE_FIXER','Nhân viên sửa chữa',4,1630766754751,NULL,NULL,1,NULL,NULL);
/*!40000 ALTER TABLE `tbl_roles` ENABLE KEYS */;
UNLOCK TABLES;

--
-- Table structure for table `tbl_service_order`
--

DROP TABLE IF EXISTS `tbl_service_order`;
/*!40101 SET @saved_cs_client     = @@character_set_client */;
/*!50503 SET character_set_client = utf8mb4 */;
CREATE TABLE `tbl_service_order` (
  `id` int NOT NULL AUTO_INCREMENT,
  `code` varchar(50) CHARACTER SET utf8mb4 COLLATE utf8mb4_bin DEFAULT NULL,
  `invoice_id` int DEFAULT NULL,
  `service_id` int DEFAULT NULL,
  `created_by` int DEFAULT NULL,
  `updated_by` int DEFAULT NULL,
  `created_at` bigint DEFAULT NULL,
  `updated_at` bigint DEFAULT NULL,
  `deleted_at` bigint DEFAULT NULL,
  `deleted_by` int DEFAULT NULL,
  `status` int DEFAULT NULL,
  PRIMARY KEY (`id`),
  KEY `fk1_invoice_id_idx` (`invoice_id`),
  CONSTRAINT `fk1_invoice_id` FOREIGN KEY (`invoice_id`) REFERENCES `tbl_invoices` (`id`) ON DELETE CASCADE ON UPDATE CASCADE
) ENGINE=InnoDB AUTO_INCREMENT=25 DEFAULT CHARSET=utf8mb4 COLLATE=utf8mb4_bin COMMENT='bảng dịch vụ được khách order';
/*!40101 SET character_set_client = @saved_cs_client */;

--
-- Dumping data for table `tbl_service_order`
--

LOCK TABLES `tbl_service_order` WRITE;
/*!40000 ALTER TABLE `tbl_service_order` DISABLE KEYS */;
INSERT INTO `tbl_service_order` VALUES (1,'SVO00001',14,2,NULL,NULL,1631808767675,NULL,NULL,NULL,1),(2,'SVO00002',15,3,NULL,NULL,1631809292962,NULL,NULL,NULL,1),(3,'SVO00003',15,2,NULL,NULL,1631809292962,NULL,NULL,NULL,1),(4,'SVO00004',16,2,NULL,NULL,1631809427226,1631863358301,NULL,NULL,1),(5,'SVO00005',17,2,NULL,NULL,1631809779254,1631864712369,NULL,NULL,1),(6,'SVO00006',17,3,NULL,NULL,1631809779254,1631864712375,NULL,NULL,1),(7,'SVO00007',1,2,NULL,NULL,1631866530199,NULL,NULL,NULL,1),(8,'SVO00008',2,1,NULL,NULL,1631866659965,1631867836815,NULL,NULL,1),(11,'SVO00009',17,1,NULL,NULL,1631948722438,NULL,NULL,NULL,1),(12,'SVO00010',5,5,NULL,NULL,1632130503366,NULL,NULL,NULL,1),(13,'SVO00011',14,3,NULL,NULL,1632130614587,NULL,NULL,NULL,1),(16,'SVO00012',19,5,NULL,NULL,1632710041960,NULL,NULL,NULL,1),(18,'SVO00014',21,5,NULL,NULL,1632842347080,NULL,NULL,NULL,1),(19,'SVO00015',22,2,NULL,NULL,1632842362092,NULL,NULL,NULL,1),(20,'SVO00016',8,3,NULL,NULL,1633059003624,NULL,NULL,NULL,1),(21,'SVO00017',28,4,NULL,NULL,1633019884306,NULL,NULL,NULL,1),(22,'SVO00018',29,4,NULL,NULL,1633097630554,NULL,NULL,NULL,1),(23,'SVO00019',28,9,NULL,NULL,1633019884306,NULL,NULL,NULL,1),(24,'SVO00020',27,10,NULL,NULL,1633019818444,NULL,NULL,NULL,1);
/*!40000 ALTER TABLE `tbl_service_order` ENABLE KEYS */;
UNLOCK TABLES;

--
-- Table structure for table `tbl_services`
--

DROP TABLE IF EXISTS `tbl_services`;
/*!40101 SET @saved_cs_client     = @@character_set_client */;
/*!50503 SET character_set_client = utf8mb4 */;
CREATE TABLE `tbl_services` (
  `id` int NOT NULL AUTO_INCREMENT,
  `code` varchar(50) CHARACTER SET utf8mb4 COLLATE utf8mb4_bin DEFAULT NULL,
  `name` varchar(50) CHARACTER SET utf8mb4 COLLATE utf8mb4_bin DEFAULT NULL,
  `description` varchar(200) CHARACTER SET utf8mb4 COLLATE utf8mb4_bin DEFAULT NULL,
  `price` decimal(13,2) DEFAULT NULL,
  `created_by` int DEFAULT NULL,
  `updated_by` int DEFAULT NULL,
  `created_at` bigint DEFAULT NULL,
  `updated_at` bigint DEFAULT NULL,
  `status` int DEFAULT NULL,
  `deleted_at` bigint DEFAULT NULL,
  `deleted_by` int DEFAULT NULL,
  PRIMARY KEY (`id`)
) ENGINE=InnoDB AUTO_INCREMENT=13 DEFAULT CHARSET=utf8mb4 COLLATE=utf8mb4_bin;
/*!40101 SET character_set_client = @saved_cs_client */;

--
-- Dumping data for table `tbl_services`
--

LOCK TABLES `tbl_services` WRITE;
/*!40000 ALTER TABLE `tbl_services` DISABLE KEYS */;
INSERT INTO `tbl_services` VALUES (1,'SV00001','Rửa xe','Rửa xe máy',20000.00,4,NULL,1632888929276,1632888929276,1,NULL,NULL),(2,'SV00002','Thay Lốp','Thay lốp xe máy',50000.00,4,NULL,1632888929276,NULL,1,NULL,NULL),(3,'SV00003','Sửa phanh xe','Sửa phanh xe máy',40000.00,4,NULL,1632888929276,NULL,1,NULL,NULL),(4,'SV00004','Vá xăm xe','Vá săm xe máy',20000.00,4,NULL,1632888929276,NULL,1,NULL,NULL),(5,'SV00005','Bảo hành xe máy','Bảo hành toàn bộ xe máy',200000.00,4,NULL,1632888929276,NULL,1,NULL,NULL),(6,'SV00006','Thay Dầu','Thay dầu xe máy',40000.00,4,NULL,1632888929276,NULL,1,NULL,NULL),(7,'SV00007','Bơm xe','Bơm xe máy',20000.00,4,NULL,1632888929276,NULL,1,NULL,NULL),(8,'SV00008','Thay yếm','Thay yếm xe máy',50000.00,4,NULL,1632888929276,NULL,1,NULL,NULL),(9,'SV00009','Thay đũa xe','Thay đũa xe máy',30000.00,4,NULL,1632888929276,NULL,1,NULL,NULL),(10,'SV00010','Sửa phanh xe','Sửa phanh xe máy',40000.00,4,NULL,1632888929276,NULL,1,NULL,NULL),(11,'SV00011','Sửa Bô xe máy','Sửa bô xe',30000.00,4,NULL,1632888929276,NULL,1,NULL,NULL),(12,'SV00012','Sửa chắn bùn ','sửa chắn bùn xe',20000.00,4,NULL,1632888929276,1633055262645,2,NULL,NULL);
/*!40000 ALTER TABLE `tbl_services` ENABLE KEYS */;
UNLOCK TABLES;

--
-- Table structure for table `tbl_timesheets`
--

DROP TABLE IF EXISTS `tbl_timesheets`;
/*!40101 SET @saved_cs_client     = @@character_set_client */;
/*!50503 SET character_set_client = utf8mb4 */;
CREATE TABLE `tbl_timesheets` (
  `id` int NOT NULL AUTO_INCREMENT,
  `code` varchar(50) CHARACTER SET utf8mb4 COLLATE utf8mb4_bin DEFAULT NULL,
  `user_id` int DEFAULT NULL,
  `number_shifts_work` int DEFAULT NULL COMMENT 'Số ca đi làm',
  `number_shifts_late_work` int DEFAULT NULL COMMENT 'Số ca đi muộn',
  `month` int DEFAULT NULL,
  `created_at` bigint DEFAULT NULL,
  `updated_at` bigint DEFAULT NULL,
  `created_by` int DEFAULT NULL,
  `updated_by` int DEFAULT NULL,
  `deleted_at` bigint DEFAULT NULL,
  `deleted_by` int DEFAULT NULL,
  `status` int DEFAULT NULL,
  PRIMARY KEY (`id`),
  KEY `fk3_user_id_idx` (`user_id`),
  CONSTRAINT `fk3_user_id` FOREIGN KEY (`user_id`) REFERENCES `tbl_users` (`id`) ON DELETE CASCADE ON UPDATE CASCADE
) ENGINE=InnoDB AUTO_INCREMENT=236 DEFAULT CHARSET=utf8mb4 COLLATE=utf8mb4_bin;
/*!40101 SET character_set_client = @saved_cs_client */;

--
-- Dumping data for table `tbl_timesheets`
--

LOCK TABLES `tbl_timesheets` WRITE;
/*!40000 ALTER TABLE `tbl_timesheets` DISABLE KEYS */;
INSERT INTO `tbl_timesheets` VALUES (1,'TS00001',1,22,2,8,1631114912926,NULL,NULL,NULL,NULL,NULL,1),(2,'TS00002',2,22,2,8,1631114912926,NULL,NULL,NULL,NULL,NULL,1),(3,'TS00003',3,21,1,8,1631114912926,NULL,NULL,NULL,NULL,NULL,1),(5,'TS00004',5,22,0,8,1631114912926,NULL,NULL,NULL,NULL,NULL,1),(6,'TS00005',6,22,0,8,1631114912926,NULL,NULL,NULL,NULL,NULL,1),(7,'TS00006',7,22,4,8,1631114912926,NULL,NULL,NULL,NULL,NULL,1),(8,'TS00007',8,24,2,8,1631114912926,NULL,NULL,NULL,NULL,NULL,1),(9,'TS00008',9,23,2,8,1631114912926,NULL,NULL,NULL,NULL,NULL,1),(10,'TS00009',10,21,0,8,1631114912926,NULL,NULL,NULL,NULL,NULL,1),(11,'TS00010',11,24,0,8,1631114912926,NULL,NULL,NULL,NULL,NULL,1),(12,'TS00011',12,24,1,8,1631114912926,NULL,NULL,NULL,NULL,NULL,1),(13,'TS00012',13,22,1,8,1631114912926,NULL,NULL,NULL,NULL,NULL,1),(44,'TS00013',1,11,2,1,1631115885364,1633323920194,NULL,NULL,NULL,NULL,1),(45,'TS00014',2,11,0,1,1631115885366,1633323920203,NULL,NULL,NULL,NULL,2),(46,'TS00015',3,11,0,1,1631115885369,1633323920209,NULL,NULL,NULL,NULL,1),(48,'TS00016',5,11,0,1,1631115885372,1633323920219,NULL,NULL,NULL,NULL,1),(49,'TS00017',6,7,0,1,1631115885375,1633323920226,NULL,NULL,NULL,NULL,1),(50,'TS00018',7,7,0,1,1631115885377,1633323920232,NULL,NULL,NULL,NULL,1),(51,'TS00019',8,7,0,1,1631115885379,1633323920239,NULL,NULL,NULL,NULL,1),(52,'TS00020',9,7,0,1,1631115885380,1633323920245,NULL,NULL,NULL,NULL,1),(53,'TS00021',10,7,0,1,1631115885382,1633323920251,NULL,NULL,NULL,NULL,1),(54,'TS00022',11,4,0,1,1631115885384,1633323920257,NULL,NULL,NULL,NULL,1),(55,'TS00023',12,3,0,1,1631115885387,1632755893717,NULL,NULL,NULL,NULL,1),(56,'TS00024',13,3,0,1,1631115885388,1632755893723,NULL,NULL,NULL,NULL,1),(57,'TS00025',14,3,0,1,1631115885390,1632755893729,NULL,NULL,NULL,NULL,2),(58,'TS00026',18,3,0,1,1631115885392,1632755893735,NULL,NULL,NULL,NULL,2),(59,'TS00027',1,4,0,2,1631115974825,1631183628120,NULL,NULL,NULL,NULL,1),(60,'TS00028',2,4,0,2,1631115974827,1631183628130,NULL,NULL,NULL,NULL,1),(61,'TS00029',3,4,0,2,1631115974829,1631183628136,NULL,NULL,NULL,NULL,1),(63,'TS00030',5,4,0,2,1631115974832,1631183628151,NULL,NULL,NULL,NULL,1),(64,'TS00031',6,4,0,2,1631115974835,1631183628159,NULL,NULL,NULL,NULL,1),(65,'TS00032',7,4,0,2,1631115974837,1631183628165,NULL,NULL,NULL,NULL,1),(66,'TS00033',8,4,0,2,1631115974838,1631183628173,NULL,NULL,NULL,NULL,1),(67,'TS00034',9,4,0,2,1631115974839,1631183628182,NULL,NULL,NULL,NULL,1),(68,'TS00035',10,4,0,2,1631115974840,1631183628190,NULL,NULL,NULL,NULL,1),(69,'TS00036',11,4,0,2,1631115974842,1631183628199,NULL,NULL,NULL,NULL,1),(70,'TS00037',12,4,0,2,1631115974843,1631183628207,NULL,NULL,NULL,NULL,1),(71,'TS00038',13,5,0,2,1631115974844,1631183628222,NULL,NULL,NULL,NULL,1),(72,'TS00039',14,5,0,2,1631115974845,1631183628241,NULL,NULL,NULL,NULL,1),(73,'TS00040',18,5,0,2,1631115974847,1631183628254,NULL,NULL,NULL,NULL,1),(74,'TS00041',1,8,0,7,1631253874677,1631253929259,NULL,NULL,NULL,NULL,1),(75,'TS00042',2,7,0,7,1631253874681,1631253920475,NULL,NULL,NULL,NULL,1),(76,'TS00043',3,8,0,7,1631253874685,1631253939611,NULL,NULL,NULL,NULL,1),(78,'TS00044',5,7,0,7,1631253874693,1631253920494,NULL,NULL,NULL,NULL,1),(79,'TS00045',6,7,0,7,1631253874696,1631253920499,NULL,NULL,NULL,NULL,1),(80,'TS00046',7,7,0,7,1631253874700,1631253920505,NULL,NULL,NULL,NULL,1),(81,'TS00047',8,7,0,7,1631253874705,1631253920512,NULL,NULL,NULL,NULL,1),(82,'TS00048',9,8,0,7,1631253874708,1631253939619,NULL,NULL,NULL,NULL,1),(83,'TS00049',10,8,0,7,1631253874712,1631253939625,NULL,NULL,NULL,NULL,1),(84,'TS00050',11,7,0,7,1631253874715,1631253920531,NULL,NULL,NULL,NULL,1),(85,'TS00051',12,7,0,7,1631253874718,1631253920538,NULL,NULL,NULL,NULL,1),(86,'TS00052',13,7,0,7,1631253874721,1631253920545,NULL,NULL,NULL,NULL,1),(87,'TS00053',14,8,0,7,1631253874723,1631253929267,NULL,NULL,NULL,NULL,1),(88,'TS00054',18,8,0,7,1631253874726,1631253939631,NULL,NULL,NULL,NULL,1),(89,'TS00055',21,9,0,7,1631253874729,1631253939637,NULL,NULL,NULL,NULL,1),(227,'TS16534',1,3,1,10,1633323879804,1633323941086,NULL,NULL,NULL,NULL,1),(228,'TS75414',2,3,1,10,1633323879805,1633323941093,NULL,NULL,NULL,NULL,1),(229,'TS59112',3,3,1,10,1633323879806,1633323941099,NULL,NULL,NULL,NULL,1),(231,'TS46597',5,3,1,10,1633323879807,1633323941116,NULL,NULL,NULL,NULL,1),(232,'TS81889',6,3,1,10,1633323879807,1633323941123,NULL,NULL,NULL,NULL,1),(233,'TS30652',18,3,1,10,1633323879808,1633323941129,NULL,NULL,NULL,NULL,1),(234,'TS66321',21,3,1,10,1633323879809,1633323941134,NULL,NULL,NULL,NULL,1),(235,'TS78112',23,3,1,10,1633323879809,1633323941139,NULL,NULL,NULL,NULL,1);
/*!40000 ALTER TABLE `tbl_timesheets` ENABLE KEYS */;
UNLOCK TABLES;

--
-- Table structure for table `tbl_user_role`
--

DROP TABLE IF EXISTS `tbl_user_role`;
/*!40101 SET @saved_cs_client     = @@character_set_client */;
/*!50503 SET character_set_client = utf8mb4 */;
CREATE TABLE `tbl_user_role` (
  `user_id` int NOT NULL,
  `role_id` int NOT NULL,
  PRIMARY KEY (`user_id`,`role_id`),
  KEY `fk_role_id_idx` (`role_id`),
  CONSTRAINT `fk1_user_id` FOREIGN KEY (`user_id`) REFERENCES `tbl_users` (`id`) ON DELETE CASCADE ON UPDATE CASCADE,
  CONSTRAINT `fk2_role_id` FOREIGN KEY (`role_id`) REFERENCES `tbl_roles` (`id`) ON DELETE CASCADE ON UPDATE CASCADE
) ENGINE=InnoDB DEFAULT CHARSET=utf8mb4 COLLATE=utf8mb4_bin;
/*!40101 SET character_set_client = @saved_cs_client */;

--
-- Dumping data for table `tbl_user_role`
--

LOCK TABLES `tbl_user_role` WRITE;
/*!40000 ALTER TABLE `tbl_user_role` DISABLE KEYS */;
INSERT INTO `tbl_user_role` VALUES (4,1),(1,2),(2,2),(3,2),(7,2),(22,2),(23,2),(5,3),(6,3),(8,3),(9,3),(10,3),(11,3),(12,3),(13,3),(14,3),(18,3),(21,3);
/*!40000 ALTER TABLE `tbl_user_role` ENABLE KEYS */;
UNLOCK TABLES;

--
-- Table structure for table `tbl_users`
--

DROP TABLE IF EXISTS `tbl_users`;
/*!40101 SET @saved_cs_client     = @@character_set_client */;
/*!50503 SET character_set_client = utf8mb4 */;
CREATE TABLE `tbl_users` (
  `id` int NOT NULL AUTO_INCREMENT,
  `code` varchar(50) CHARACTER SET utf8mb4 COLLATE utf8mb4_bin DEFAULT NULL,
  `username` varchar(50) CHARACTER SET utf8mb4 COLLATE utf8mb4_bin DEFAULT NULL,
  `password` varchar(100) CHARACTER SET utf8mb4 COLLATE utf8mb4_bin DEFAULT NULL,
  `avatar` varchar(100) CHARACTER SET utf8mb4 COLLATE utf8mb4_bin DEFAULT NULL,
  `name` varchar(100) CHARACTER SET utf8mb4 COLLATE utf8mb4_bin DEFAULT NULL,
  `address` varchar(100) CHARACTER SET utf8mb4 COLLATE utf8mb4_bin DEFAULT NULL,
  `email` varchar(50) CHARACTER SET utf8mb4 COLLATE utf8mb4_bin DEFAULT NULL,
  `date_of_birth` datetime DEFAULT NULL,
  `phone` varchar(15) CHARACTER SET utf8mb4 COLLATE utf8mb4_bin DEFAULT NULL,
  `sex` tinyint(1) DEFAULT NULL,
  `salary_day` double DEFAULT NULL COMMENT 'Lương một ngày hoặc 1 ca của nhân viên',
  `created_by` int DEFAULT NULL,
  `updated_by` int DEFAULT NULL,
  `created_at` bigint DEFAULT NULL,
  `updated_at` bigint DEFAULT NULL,
  `status` int DEFAULT NULL,
  `deleted_at` bigint DEFAULT NULL,
  `deleted_by` int DEFAULT NULL,
  `id_card` varchar(20) CHARACTER SET utf8mb4 COLLATE utf8mb4_bin DEFAULT NULL,
  PRIMARY KEY (`id`)
) ENGINE=InnoDB AUTO_INCREMENT=24 DEFAULT CHARSET=utf8mb4 COLLATE=utf8mb4_bin COMMENT='Bảng lưu thông tin nhân viên';
/*!40101 SET character_set_client = @saved_cs_client */;

--
-- Dumping data for table `tbl_users`
--

LOCK TABLES `tbl_users` WRITE;
/*!40000 ALTER TABLE `tbl_users` DISABLE KEYS */;
INSERT INTO `tbl_users` VALUES (1,'NV00001','nguyenvana','$2a$10$bSK/2StM6AetbSwvFYDx0urZ/RaoWXfu8nR1lqdbLcpE16FaNN8a.',NULL,'Nguyễn Văn Bình','123 - Nguyễn Chí Thanh - Ba Đình- HN','nguyenvanb@gmail.com',NULL,'0928163141',1,250000,4,NULL,1630766754751,1631612048676,1,NULL,NULL,NULL),(2,'NV00002','nguyenvanb','$2a$10$alSEIamJtDre/F2itJJqdeMAjlWaVk0oNTR2LKLa.l4snuOYiTvHe',NULL,'Nguyễn Văn Định','123 - Nguyễn Chí Thanh - Ba Đình- HN','nguyenvana123@gmail.com',NULL,'0972652313',1,200000,4,NULL,1630766754751,1630922883610,1,NULL,NULL,NULL),(3,'NV00003','nguyenthic','$2a$10$evZujVzOgS6Igwl6nLi8vuuERx7jYgk7QD6qSbQ/8AaP4k0qkI.xq',NULL,'Nguyễn Thị Cúc','123 - Nguyễn Chí Thanh - Ba ','nguyenthic@gmail.com',NULL,'0987262541',0,250000,4,NULL,1630766754751,NULL,1,NULL,NULL,NULL),(4,'NV00000','admin','$2a$10$woH.HoKhKauum3yRVGNILuxggnJ33uj75jgZUQRAsZco0JrU.IkyK',NULL,'Quản trị viên','123 - Nguyễn Chí Thanh - Ba Đình- HN','admin@gmail.com',NULL,'0982727162',1,0,4,NULL,1630766754751,NULL,1,NULL,NULL,NULL),(5,'NV00004','nguyenvanx','nguyenvanx',NULL,'Nguyễn Văn Tùng','123 - Nguyễn Chí Thanh - Ba Đình- HN','nguyenvanx@gmail.com',NULL,'0971366551',1,230000,4,NULL,1630766754751,1631612073036,3,NULL,NULL,NULL),(6,'NV00005','daovantrung','daovantrung',NULL,'Đào Văn Trung','123 - Nguyễn Chí Thanh - Ba Đình- HN','daovantrung@gmail.com',NULL,'0327651522',1,240000,4,NULL,1630766754751,NULL,3,NULL,NULL,NULL),(7,'NV00006','nguyenvananh','nguyenvananh',NULL,'Nguyễn Văn Anh','123 - Nguyễn Chí Thanh - Ba Đình- HN','nguyenvananh@gmail.com',NULL,'0982761261',1,240000,4,NULL,1630766754751,NULL,4,NULL,NULL,NULL),(8,'NV00007','nguyenthioanh','nguyenthioanh',NULL,'Nguyễn Thị Oanh','123 - Nguyễn Chí Thanh - Ba Đình- HN','nguyenthioanh@gmail.com',NULL,'0928217212',0,250000,4,NULL,1630766754751,NULL,4,NULL,NULL,NULL),(9,'NV00008','daoxuanquyen','daoxuanquyen',NULL,'Đào Xuân Quyền','123 - Nguyễn Chí Thanh - Ba Đình- HN','daoxuanquyen@gmail.com',NULL,'0312319911',1,300000,4,NULL,1630766754751,NULL,4,NULL,NULL,NULL),(10,'NV00009','hoangthuthao','hoangthuthao',NULL,'Hoàng Thu Thảo','123 - Nguyễn Chí Thanh - Ba Đình- HN','hoangthuthao@gmail.com',NULL,'0817256251',0,270000,4,NULL,1630766754751,NULL,4,NULL,NULL,NULL),(11,'NV00010','nguyencamnhung','nguyencamnhung',NULL,'Nguyễn Cẩm Nhung','123 - Nguyễn Chí Thanh - Ba Đình- HN','nguyencamnhung@gmail.com',NULL,'0826261521',0,250000,4,NULL,1630766754751,NULL,4,NULL,NULL,NULL),(12,'NV00011','nguyenvankhanh','nguyenvankhanh',NULL,'Nguyễn Văn Khánh','123 - Nguyễn Chí Thanh - Ba Đình- HN','nguyenvankhanh@gmail.com',NULL,'0792177211',1,260000,4,NULL,1630766754751,NULL,4,NULL,NULL,NULL),(13,'NV00012','nguyenvandinh','nguyenvandinh',NULL,'Nguyễn Văn Định','123 - Nguyễn Chí Thanh - Ba Đình- HN','nguyenvandinh@gmail.com',NULL,'0928177271',1,270000,4,NULL,1630766754751,NULL,4,NULL,NULL,NULL),(14,'NV00013','dinhtiendung','dinhtiendung',NULL,'Đinh Tiến Dũng','123 - Nguyễn Chí Thanh - Ba Đình- HN','dinhtiendung@gmail.com',NULL,'0918212111',1,230000,4,NULL,1630766754751,NULL,4,NULL,NULL,NULL),(18,'NV00014','dinhvanhoi','dinhvanhoi',NULL,'Đinh Văn Hội','123 - Nguyễn Chí Thanh - Ba Đình- HN','dinhvanhoi12@gmail.com',NULL,'0973654871',1,190000,NULL,NULL,1630769356655,NULL,3,NULL,NULL,NULL),(21,'NV00015','dovantrung','$2a$10$bygtHnoXm3tcIR8swUw6heBMI/ukQQIBpduVKePRjXjanhv0uQbma',NULL,'Đỗ Văn Trung','Hai Bà Trưng','thekhoa4282@gmail.com',NULL,'0951359554',0,300000,NULL,NULL,1631197174960,1631199314388,3,NULL,NULL,NULL),(22,'NV00016','dinhcongmanh','dinhcongmanh',NULL,'Đinh Công Mạnh','123 - Hồ Tùng Mậu - Nam Từ Niêm - HN','dinhcongmanh937@gmail.com',NULL,'0862764871',1,300000,NULL,NULL,1631500927341,NULL,4,NULL,NULL,NULL),(23,'NV00017','nguyenvana1','nguyenvana',NULL,'Nguyễn Văn Tuấn','123 - Nguyễn Chí Thanh - Ba Đình- HN','thekhoa1710@gmail.com',NULL,'0983726123',1,300000,NULL,NULL,1632455690466,NULL,3,1633142197482,NULL,NULL);
/*!40000 ALTER TABLE `tbl_users` ENABLE KEYS */;
UNLOCK TABLES;

--
-- Table structure for table `tbl_vehicle_customer`
--

DROP TABLE IF EXISTS `tbl_vehicle_customer`;
/*!40101 SET @saved_cs_client     = @@character_set_client */;
/*!50503 SET character_set_client = utf8mb4 */;
CREATE TABLE `tbl_vehicle_customer` (
  `id` int NOT NULL AUTO_INCREMENT,
  `vehicle_id` int DEFAULT NULL,
  `customer_id` int DEFAULT NULL,
  PRIMARY KEY (`id`)
) ENGINE=InnoDB AUTO_INCREMENT=23 DEFAULT CHARSET=utf8mb4 COLLATE=utf8mb4_bin;
/*!40101 SET character_set_client = @saved_cs_client */;

--
-- Dumping data for table `tbl_vehicle_customer`
--

LOCK TABLES `tbl_vehicle_customer` WRITE;
/*!40000 ALTER TABLE `tbl_vehicle_customer` DISABLE KEYS */;
INSERT INTO `tbl_vehicle_customer` VALUES (1,1,1),(2,2,2),(3,3,3),(4,4,4),(5,5,5),(6,6,6),(7,7,7),(8,8,8),(9,9,9),(10,10,10),(11,11,11),(12,1,12),(13,1,15),(14,2,16),(15,3,17),(16,4,18),(17,5,19),(18,12,29),(19,13,31),(20,11,32),(21,10,33),(22,NULL,34);
/*!40000 ALTER TABLE `tbl_vehicle_customer` ENABLE KEYS */;
UNLOCK TABLES;

--
-- Table structure for table `tbl_vehicles`
--

DROP TABLE IF EXISTS `tbl_vehicles`;
/*!40101 SET @saved_cs_client     = @@character_set_client */;
/*!50503 SET character_set_client = utf8mb4 */;
CREATE TABLE `tbl_vehicles` (
  `id` int NOT NULL AUTO_INCREMENT,
  `code` varchar(50) COLLATE utf8mb4_bin DEFAULT NULL,
  `license_plate` varchar(50) COLLATE utf8mb4_bin DEFAULT NULL,
  `created_by` int DEFAULT NULL,
  `updated_by` int DEFAULT NULL,
  `created_at` bigint DEFAULT NULL,
  `updated_at` bigint DEFAULT NULL,
  `deleted_at` bigint DEFAULT NULL,
  `deleted_by` int DEFAULT NULL,
  PRIMARY KEY (`id`)
) ENGINE=InnoDB AUTO_INCREMENT=15 DEFAULT CHARSET=utf8mb4 COLLATE=utf8mb4_bin;
/*!40101 SET character_set_client = @saved_cs_client */;

--
-- Dumping data for table `tbl_vehicles`
--

LOCK TABLES `tbl_vehicles` WRITE;
/*!40000 ALTER TABLE `tbl_vehicles` DISABLE KEYS */;
INSERT INTO `tbl_vehicles` VALUES (1,'VH00001','30L192020',NULL,NULL,1632972208459,NULL,NULL,NULL),(2,'VH00002','29B178729',NULL,NULL,1632972208459,NULL,NULL,NULL),(3,'VH00003','17B198371',NULL,NULL,1632972208459,NULL,NULL,NULL),(4,'VH00004','30C173621',NULL,NULL,1632972208459,NULL,NULL,NULL),(5,'VH00005','29B183716',NULL,NULL,1632972208459,NULL,NULL,NULL),(6,'VH00006','29B182722',NULL,NULL,1632972208459,NULL,NULL,NULL),(7,'VH00007','29L127261',NULL,NULL,1632972208459,NULL,NULL,NULL),(8,'VH00008','30L173635',NULL,NULL,1632972208459,NULL,NULL,NULL),(9,'VH00009','15B187362',NULL,NULL,1632972208459,NULL,NULL,NULL),(10,'VH00010','17B127361',NULL,NULL,1632972208459,NULL,NULL,NULL),(11,'VH00011','30B129847',NULL,NULL,1632972208459,NULL,NULL,NULL),(12,'VH00012','30L192021',NULL,NULL,1632972208459,NULL,NULL,NULL),(13,'VH00013','18D119281',NULL,NULL,1632972416805,NULL,NULL,NULL);
/*!40000 ALTER TABLE `tbl_vehicles` ENABLE KEYS */;
UNLOCK TABLES;

--
-- Dumping events for database 'repair_shop'
--

--
-- Dumping routines for database 'repair_shop'
--
/*!40103 SET TIME_ZONE=@OLD_TIME_ZONE */;

/*!40101 SET SQL_MODE=@OLD_SQL_MODE */;
/*!40014 SET FOREIGN_KEY_CHECKS=@OLD_FOREIGN_KEY_CHECKS */;
/*!40014 SET UNIQUE_CHECKS=@OLD_UNIQUE_CHECKS */;
/*!40101 SET CHARACTER_SET_CLIENT=@OLD_CHARACTER_SET_CLIENT */;
/*!40101 SET CHARACTER_SET_RESULTS=@OLD_CHARACTER_SET_RESULTS */;
/*!40101 SET COLLATION_CONNECTION=@OLD_COLLATION_CONNECTION */;
/*!40111 SET SQL_NOTES=@OLD_SQL_NOTES */;

-- Dump completed on 2021-12-20 22:18:01
